{"cameraMode":{"drawMode":0,"name":"Shaded","section":"Shading Mode"},"sceneLighting":true,"audioPlay":false,"sceneViewState":{"m_AlwaysRefresh":false,"showFog":true,"showSkybox":true,"showFlares":true,"showImageEffects":true,"showParticleSystems":true,"showVisualEffectGraphs":true,"m_FxEnabled":true},"in2DMode":false,"pivot":{"x":-3.1474266052246095,"y":8.05080795288086,"z":0.017044425010681154},"rotation":{"x":-0.13805519044399262,"y":0.6614155173301697,"z":-0.12570156157016755,"w":-0.7264153361320496},"size":10.582268714904786,"orthographic":false}