{"cameraMode":{"drawMode":0,"name":"Shaded","section":"Shading Mode"},"sceneLighting":true,"audioPlay":false,"sceneViewState":{"m_AlwaysRefresh":false,"showFog":true,"showSkybox":true,"showFlares":true,"showImageEffects":true,"showParticleSystems":true,"showVisualEffectGraphs":true,"m_FxEnabled":true},"in2DMode":false,"pivot":{"x":0.3348902463912964,"y":0.034926388412714007,"z":-0.22814717888832093},"rotation":{"x":-0.5058556199073792,"y":0.49414294958114626,"z":-0.5010281801223755,"w":-0.49891704320907595},"size":9.764182090759278,"orthographic":false}